{
  "a": [-4.4262736272, 4.3120475243],
  "c": [3.5, 0, 1],
  "v": [2.1769, 1.6145, 0.48393],
  "u": [879.0, 2372.0, 5447.0],
  "n": [0.88045, -2.4235, 0.38237, 0.068917, 0.00020367, 0.13122, 0.46032, -0.0036985, -0.23263, -0.00042859, -0.04281, -0.023038],
  "Ag": [-878.637631, 357.7403382, 574.66924864, -972.57488693, 630.47903568],
  "Al": [899.61701036, 179.53626729, 857.66247459, -2160.66039529, 2029.1923931],
  "polar": 1,
  "Tc": 309.56,
  "rhoc": 451.87,
  "R_specific": 188.91003980660173
}